City_ID,City,Lat,Lng,Max Temp,Humidity,Cloudiness,Wind Speed,Country,Date
0,chake chake,-5.2459,39.7666,80.62,80,24,10.74,TZ,1684218051
1,boyolangu,-8.1181,111.8935,80.28,71,64,8.39,ID,1684218051
2,isla mujeres,21.2311,-86.731,73.45,82,95,8.46,MX,1684218051
3,gudivada,16.45,80.9833,106.0,13,9,12.24,IN,1684218051
4,muisne,0.6,-80.0333,78.82,86,100,5.91,EC,1684218051
5,san jose,37.3394,-121.895,63.0,79,20,30.0,US,1684217779
6,rikitea,-23.1203,-134.9692,75.13,71,3,5.73,PF,1684218052
7,birigui,-21.2886,-50.34,54.68,78,0,5.01,BR,1684218052
8,albany,42.6001,-73.9662,60.58,50,95,1.99,US,1684218052
9,hawkesbury,45.6001,-74.616,57.49,69,100,7.78,CA,1684218052
10,bluff,-46.6,168.3333,56.62,68,28,16.71,NZ,1684218052
11,jamestown,42.097,-79.2353,52.72,67,0,3.44,US,1684218006
12,saskylakh,71.9167,114.0833,22.33,86,72,3.24,RU,1684218052
13,ocosingo,17.0667,-92.25,62.76,94,79,1.68,MX,1684218052
14,katangli,51.7102,143.2326,45.57,81,92,14.7,RU,1684218052
15,cartagena,10.3997,-75.5144,83.82,84,75,6.91,CO,1684218052
16,thompson,55.7435,-97.8558,37.56,81,75,8.05,CA,1684218053
17,linda,39.1277,-121.5508,72.57,63,0,4.61,US,1684218053
18,cape town,-33.9258,18.4232,59.92,81,0,11.5,ZA,1684218024
19,bambous virieux,-20.3428,57.7575,82.65,69,20,14.97,MU,1684218053
20,pisco,-13.7,-76.2167,69.85,83,100,8.05,PE,1684218053
21,airai,-8.9266,125.4092,70.84,62,45,1.25,TL,1684218053
22,bayanday,53.0661,105.5139,54.91,26,79,13.85,RU,1684218053
23,hermanus,-34.4187,19.2345,54.66,82,71,5.06,ZA,1684218053
24,mpika,-11.8343,31.4529,65.37,72,22,9.89,ZM,1684218053
25,sao joao da barra,-21.6403,-41.0511,65.62,89,65,7.99,BR,1684218053
26,srednekolymsk,67.45,153.6833,47.88,42,1,13.71,RU,1684218011
27,cabo san lucas,22.8909,-109.9124,73.62,71,94,12.71,MX,1684218053
28,mataura,-46.1927,168.8643,49.35,84,33,3.42,NZ,1684218054
29,severo-kurilsk,50.6789,156.125,48.22,61,100,5.7,RU,1684218054
30,iqaluit,63.7506,-68.5145,24.53,68,75,15.01,CA,1684218054
31,salalah,17.0151,54.0924,91.49,66,40,12.66,OM,1684218054
32,wangqing,43.3218,129.7634,87.87,33,44,12.93,CN,1684218054
33,nizhniy baskunchak,48.2198,46.8311,63.88,56,39,8.12,RU,1684218054
34,abnub,27.2696,31.1511,81.16,29,100,7.7,EG,1684218054
35,vardo,70.3705,31.1107,53.58,62,0,12.66,NO,1684218054
36,mongo,12.1844,18.693,94.01,28,49,5.66,TD,1684218054
37,vila do maio,15.1333,-23.2167,72.39,79,27,17.9,CV,1684218054
38,kodiak,57.79,-152.4072,42.31,93,100,16.11,US,1684218055
39,hobart,-42.8794,147.3294,50.25,64,20,10.36,AU,1684218055
40,narsaq,60.9167,-46.05,44.82,76,100,5.64,GL,1684218055
41,broome,42.2506,-75.833,49.98,72,59,4.09,US,1684218055
42,vaini,-21.2,-175.2,71.76,94,100,9.22,TO,1684218055
43,najran,17.4924,44.1277,92.05,20,3,0.72,SA,1684218006
44,acapulco,16.8634,-99.8901,82.22,78,75,3.44,MX,1684217884
45,isangel,-19.55,169.2667,77.11,67,100,12.26,VU,1684218055
46,ushuaia,-54.8,-68.3,38.86,87,100,9.22,AR,1684217821
47,punta arenas,-53.15,-70.9167,39.22,87,75,2.3,CL,1684218055
48,kapaa,22.0752,-159.319,75.18,74,100,18.41,US,1684218055
49,dikson,73.5069,80.5464,21.18,83,55,14.2,RU,1684218055
50,havre-saint-pierre,50.2334,-63.5986,42.8,93,100,3.44,CA,1684218056
51,chimbote,-9.0853,-78.5783,71.71,82,74,9.62,PE,1684218056
52,butaritari,3.0707,172.7902,83.66,78,89,14.47,KI,1684218056
53,omsukchan,62.5333,155.8,31.84,78,89,9.24,RU,1684218056
54,souillac,-20.5167,57.5167,82.78,69,20,14.97,MU,1684218056
55,qaanaaq,77.484,-69.3632,14.16,69,41,8.14,GL,1684218056
56,salamanca,40.8333,-6.0,45.0,87,34,10.49,ES,1684218056
57,sao felix do xingu,-6.6447,-51.995,72.48,98,100,2.24,BR,1684218056
58,talaya,61.3833,152.75,39.9,66,48,8.68,RU,1684218056
59,katsuura,35.1333,140.3,67.5,69,18,8.28,JP,1684218057
60,xining,36.6167,101.7667,72.36,25,48,4.36,CN,1684218057
61,nikolskoye,59.7035,30.7861,66.09,48,77,10.58,RU,1684218057
62,new norfolk,-42.7826,147.0587,49.91,59,26,6.29,AU,1684218057
63,pajapan,18.25,-94.7,75.6,85,7,4.74,MX,1684218057
64,atuona,-9.8,-139.0333,80.51,79,6,14.56,PF,1684218057
65,gondanglegi,-7.7479,112.0132,84.69,62,60,9.73,ID,1684218057
66,mayor pablo lagerenza,-19.9309,-60.7718,64.15,69,0,4.7,PY,1684218057
67,kisangani,0.5167,25.2,79.59,75,13,2.13,CD,1684218057
68,chavakkad,10.5333,76.05,88.47,63,88,9.66,IN,1684218057
69,sambava,-14.2667,50.1667,79.27,66,58,3.38,MG,1684218058
70,longyearbyen,78.2186,15.6401,22.84,74,20,9.22,SJ,1684218058
71,alofi,-19.0595,-169.9187,69.69,94,100,8.05,NU,1684218058
72,znamenskoye,57.1281,73.8282,61.38,38,59,13.53,RU,1684218058
73,kruisfontein,-34.0033,24.7314,53.47,68,9,5.55,ZA,1684218058
74,sudogda,55.9539,40.8629,61.36,46,2,4.14,RU,1684218058
75,perth,-31.9333,115.8333,74.34,46,0,12.66,AU,1684217783
76,wyndham,37.6985,-77.6125,64.87,79,100,4.0,US,1684218058
77,margate,51.3813,1.3862,52.7,70,2,5.01,GB,1684218058
78,bredasdorp,-34.5322,20.0403,51.85,88,70,2.17,ZA,1684218058
79,bengkulu,-3.8004,102.2655,86.29,68,57,9.46,ID,1684218059
80,mar del plata,-38.0023,-57.5575,56.95,82,0,6.91,AR,1684217802
81,ilulissat,69.2167,-51.1,28.42,80,75,5.75,GL,1684218059
82,port alfred,-33.5906,26.891,54.18,91,8,1.01,ZA,1684218059
83,namatanai,-3.6667,152.4333,83.84,77,42,5.03,PG,1684218059
84,hilo,19.7297,-155.09,68.25,96,100,6.91,US,1684218059
85,lebu,-37.6167,-73.65,55.29,90,100,7.02,CL,1684218059
86,lasa,46.6166,10.7002,52.68,88,100,8.28,IT,1684218059
87,bangui,4.3612,18.555,76.75,83,14,3.85,CF,1684217906
88,port elizabeth,-33.918,25.5701,58.32,86,0,3.44,ZA,1684218059
89,san policarpo,12.1791,125.5072,85.06,73,36,7.29,PH,1684218059
90,puerto colombia,10.9878,-74.9547,82.49,89,100,8.52,CO,1684218060
91,barrow,71.2906,-156.7887,19.42,73,100,13.8,US,1684218060
92,qandala,11.472,49.8728,89.71,60,20,4.88,SO,1684218060
93,smithers,54.7804,-127.1743,61.12,51,0,2.3,CA,1684218060
94,dangriga,16.9692,-88.2321,78.4,76,64,3.65,BZ,1684218060
95,japura,-0.3167,102.35,89.17,67,86,2.59,ID,1684218060
96,bongor,10.2806,15.3722,87.6,45,92,11.03,TD,1684218060
97,kandrian,-6.2167,149.55,79.12,90,100,11.95,PG,1684218060
98,soe,-9.8607,124.284,78.6,53,10,5.28,ID,1684218060
99,jambi,-1.6,103.6167,89.38,59,93,3.42,ID,1684218060
100,hope,33.6671,-93.5916,75.25,90,98,4.32,US,1684218061
101,ribeira grande,38.5167,-28.7,64.8,94,75,6.91,PT,1684218061
102,edson,53.5835,-116.4356,57.34,62,0,9.22,CA,1684218061
103,manggar,-2.8833,108.2667,85.15,67,21,10.16,ID,1684217999
104,atambua,-9.1061,124.8925,80.58,63,22,2.84,ID,1684218061
105,bethel,41.3712,-73.414,61.63,52,0,10.36,US,1684218061
106,sweetwater,25.7634,-80.3731,78.01,89,20,3.44,US,1684218061
107,nyurba,63.2842,118.3319,52.09,37,89,3.58,RU,1684218061
108,sitka,57.0531,-135.33,55.29,67,0,0.0,US,1684218061
109,nanortalik,60.1432,-45.2371,34.79,80,100,8.81,GL,1684218061
110,svinninge,55.7211,11.4655,51.89,89,100,15.21,DK,1684218062
111,busselton,-33.65,115.3333,67.8,48,0,2.75,AU,1684218062
112,nelson bay,-32.7167,152.15,68.05,80,63,8.01,AU,1684218062
113,homer,59.6425,-151.5483,48.79,65,100,8.05,US,1684218062
114,ankang,32.68,109.0172,87.53,38,100,2.19,CN,1684217908
115,bandarbeyla,9.4942,50.8122,87.94,62,76,18.88,SO,1684218062
116,genhe,50.7833,121.5167,57.58,22,97,12.12,CN,1684218062
117,ocos,14.5094,-92.1933,84.15,73,48,4.94,GT,1684218062
118,lewistown,40.5992,-77.5714,54.34,71,0,0.0,US,1684218062
119,conway,35.0887,-92.4421,75.0,59,75,4.61,US,1684218062
120,grindavik,63.8424,-22.4338,37.87,81,75,14.97,IS,1684218062
121,charleston,32.7766,-79.9309,71.02,88,75,3.44,US,1684218063
122,tiksi,71.6872,128.8694,30.4,95,52,10.76,RU,1684218063
123,pastos bons,-6.6017,-44.0767,73.53,96,100,1.3,BR,1684218063
124,yagodnoye,62.55,149.6667,41.63,80,95,4.38,RU,1684218063
125,puerto lopez,4.0845,-72.956,73.6,95,100,0.69,CO,1684218063
126,carnarvon,-24.8667,113.6333,75.78,36,0,9.44,AU,1684218063
127,lingyuan,41.24,119.4011,92.28,22,100,24.05,CN,1684218063
128,chokurdakh,70.6333,147.9167,33.75,90,81,9.06,RU,1684218033
129,hirara,24.8,125.2833,82.26,69,40,16.11,JP,1684218063
130,henties bay,-22.116,14.2845,59.16,84,73,3.15,NA,1684218063
131,faanui,-16.4833,-151.75,81.18,73,27,4.21,PF,1684218064
132,mnogovershinnyy,53.9353,139.9242,55.67,41,82,8.61,RU,1684218064
133,bairiki,1.3292,172.9752,84.2,79,40,9.22,KI,1684218064
134,kiunga,-6.1219,141.2906,86.72,66,90,1.1,PG,1684218064
135,le port,-20.9373,55.2919,84.16,80,0,10.27,RE,1684218064
136,dunmore,41.4198,-75.6324,54.84,70,0,1.99,US,1684218064
137,kaduna,10.5222,7.4383,76.21,68,100,9.31,NG,1684218064
138,nikki,9.9401,3.2108,75.4,86,38,6.98,BJ,1684218064
139,lata,40.1629,-8.3327,59.81,66,100,4.72,PT,1684218064
140,dunedin,-45.8742,170.5036,51.8,81,7,8.37,NZ,1684218064
141,saint-augustin,51.226,-58.6502,40.06,85,100,9.46,CA,1684218064
142,sinnamary,5.3833,-52.95,77.49,92,98,6.82,GF,1684218065
143,hofn,64.2539,-15.2082,33.93,60,72,4.7,IS,1684218065
144,saint-philippe,-21.3585,55.7679,81.99,74,9,9.62,RE,1684218065
145,nador,35.174,-2.9287,71.85,33,0,1.14,MA,1684218065
146,nuuk,64.1835,-51.7216,39.81,81,100,5.75,GL,1684218002
147,gizo,-8.103,156.8419,84.69,71,82,3.8,SB,1684218065
148,bataipora,-22.2953,-53.2711,57.45,92,0,2.35,BR,1684218065
149,camacha,33.0833,-16.3333,62.02,72,75,14.97,PT,1684218065
150,torbay,47.6666,-52.7314,44.58,80,100,14.97,CA,1684218065
151,praia,14.9215,-23.5087,72.14,78,40,12.66,CV,1684218065
152,necochea,-38.5473,-58.7368,54.68,80,21,12.15,AR,1684217845
153,saint george,37.1041,-113.5841,81.19,32,0,6.91,US,1684218066
154,nioro,13.35,-15.75,74.89,57,96,3.6,GM,1684218066
155,lakatoro,-16.0999,167.4164,80.85,75,97,11.7,VU,1684218066
156,arraial do cabo,-22.9661,-42.0278,69.66,83,0,13.8,BR,1684217970
157,georgetown,5.4112,100.3354,93.15,66,20,9.22,MY,1684218066
158,lagoa,39.05,-27.9833,62.51,90,61,11.92,PT,1684218066
159,zaza del medio,21.9961,-79.3669,73.62,91,48,2.13,CU,1684218066
160,bitkine,11.9801,18.2138,94.19,30,97,7.49,TD,1684218066
161,kieta,-6.2167,155.6333,82.94,81,85,1.25,PG,1684218066
162,puerto quijarro,-17.7833,-57.7667,63.01,70,0,1.5,BO,1684218066
163,yichang,30.7144,111.2847,74.46,65,99,1.79,CN,1684217875
164,lubben,51.95,13.9,53.26,94,65,9.37,DE,1684218066
165,staryy nadym,65.6118,72.6842,31.24,91,99,23.13,RU,1684218067
166,kormilovka,55.0026,74.1028,62.58,38,70,15.23,RU,1684218067
167,wageningen,51.9667,5.6667,51.08,85,75,3.44,NL,1684218067
168,santa maria,-29.6842,-53.8069,56.44,91,0,2.44,BR,1684218067
169,yellowknife,62.456,-114.3525,48.72,93,100,15.01,CA,1684218067
170,san quintin,30.4833,-115.95,58.71,89,3,9.28,MX,1684218067
171,hirado,33.3597,129.5531,68.13,83,0,12.44,JP,1684218067
172,avarua,-21.2078,-159.775,75.25,78,75,3.44,CK,1684218067
173,norman wells,65.282,-126.8329,59.04,38,20,4.61,CA,1684218067
174,keokuk,40.3973,-91.3849,64.09,82,100,3.44,US,1684218068
175,khatanga,71.9667,102.5,22.93,83,93,7.76,RU,1684218068
176,bujaru,-1.515,-48.0447,73.89,100,80,2.3,BR,1684218068
177,college,64.8569,-147.8028,55.38,43,75,10.36,US,1684218068
178,garowe,8.4054,48.4845,86.13,48,46,20.85,SO,1684218068
179,upernavik,72.7868,-56.1549,10.69,96,35,6.31,GL,1684218068
180,hithadhoo,-0.6,73.0833,82.98,80,84,17.85,MV,1684218068
181,cayenne,4.9333,-52.3333,75.24,100,75,0.0,GF,1684218068
182,mahon,39.8885,4.2658,63.16,63,20,6.91,ES,1684217780
183,rafaela,-31.2503,-61.4867,60.98,55,2,3.0,AR,1684218068
184,de-kastri,51.4667,140.7833,47.52,76,55,11.43,RU,1684218068
185,the valley,18.217,-63.0578,80.1,77,85,13.96,AI,1684218068
186,maarianhamina,60.0973,19.9348,57.06,72,100,6.91,AX,1684218069
187,saint anthony,45.0205,-93.218,61.25,70,0,6.91,US,1684218069
188,leningradskiy,69.3833,178.4167,23.99,78,13,1.68,RU,1684218069
189,winnemucca,40.973,-117.7357,51.85,54,0,5.75,US,1684218069
190,morondava,-20.2833,44.2833,74.97,73,3,5.26,MG,1684218069
191,lichuan,30.3,108.85,63.14,80,99,2.89,CN,1684218069
192,husavik,66.0449,-17.3389,30.2,66,52,9.4,IS,1684218069
193,bourail,-21.5667,165.4833,74.66,69,99,4.21,NC,1684218069
194,vanimo,-2.6741,141.3028,85.1,77,98,11.99,PG,1684218069
195,byron bay,-28.65,153.6167,60.71,87,99,15.32,AU,1684217902
196,puerto ayora,-0.7393,-90.3518,77.56,89,100,7.0,EC,1684218069
197,krasnoselkup,65.7,82.4667,32.52,98,100,8.77,RU,1684218069
198,kahului,20.8947,-156.47,73.42,75,75,9.22,US,1684217967
199,hiriyur,13.9456,76.6192,93.16,31,97,8.41,IN,1684218070
200,srivardhan,18.0333,73.0167,90.19,56,70,8.77,IN,1684218070
201,erenhot,43.6475,111.9767,66.13,17,22,16.15,CN,1684218070
202,oranjemund,-28.55,16.4333,60.13,55,0,6.22,NA,1684218070
203,sistranda,63.7256,8.834,44.56,78,100,12.48,NO,1684218070
204,port blair,11.6667,92.75,89.64,62,40,10.36,IN,1684218070
205,inhambane,-23.865,35.3833,72.77,76,67,9.69,MZ,1684218070
206,puerto ayacucho,5.6639,-67.6236,75.56,94,99,3.22,VE,1684218070
207,flinders,-34.5833,150.8552,70.18,50,0,4.0,AU,1684218070
208,kashi,39.4547,75.9797,87.01,9,0,13.42,CN,1684218070
209,alta floresta,-9.8756,-56.0861,69.53,85,99,3.83,BR,1684218070
210,sao jose da coroa grande,-8.8978,-35.1478,77.2,84,47,2.66,BR,1684218071
211,clyde river,70.4692,-68.5914,21.43,86,100,21.85,CA,1684218071
212,loncoche,-39.3667,-72.6333,53.89,99,100,1.28,CL,1684218071
213,nemuro,43.3236,145.575,44.08,94,100,10.07,JP,1684217790
214,lae,-6.7221,146.9847,81.27,90,100,2.24,PG,1684218071
215,logstor,56.9624,9.2583,50.83,86,100,8.32,DK,1684218071
216,alice springs,-23.7,133.8833,71.15,33,40,14.97,AU,1684217996
217,khorramshahr,30.4397,48.1664,89.56,22,0,2.3,IR,1684217784
218,urumqi,43.801,87.6005,63.55,48,79,6.71,CN,1684218071
219,mahebourg,-20.4081,57.7,82.69,69,20,14.97,MU,1684218071
220,dingle,10.9995,122.6711,90.07,61,52,8.66,PH,1684218071
221,ancud,-41.8697,-73.8203,50.45,79,59,10.02,CL,1684217922
222,sept-iles,50.2001,-66.3821,42.8,62,20,5.75,CA,1684218072
223,chernaya kholunitsa,58.8511,51.7154,65.08,40,37,2.59,RU,1684218072
224,cross lanes,38.4204,-81.7907,63.52,97,100,0.0,US,1684218072
225,chuy,-33.6971,-53.4616,55.02,85,14,1.52,UY,1684218072
226,mosquera,4.7059,-74.2302,51.89,100,75,2.3,CO,1684217889
227,luganville,-15.5333,167.1667,80.06,80,92,11.95,VU,1684218072
228,mitsamiouli,-11.3847,43.2844,81.63,71,25,4.34,KM,1684218072
229,ust-kan,50.9276,84.761,52.3,45,60,4.83,RU,1684218072
230,ponta do sol,32.6667,-17.1,68.0,73,64,4.16,PT,1684218015
231,evensk,61.95,159.2333,34.9,81,87,2.89,RU,1684218072
232,te anau,-45.4167,167.7167,48.88,90,46,6.69,NZ,1684218073
233,zhangjiakou,40.81,114.8794,90.12,16,95,17.25,CN,1684218073
234,tuktoyaktuk,69.4541,-133.0374,33.08,99,96,7.47,CA,1684218073
235,murray bridge,-35.1167,139.2667,57.13,63,77,12.64,AU,1684218073
236,dakar,14.6937,-17.4441,72.48,86,52,15.19,SN,1684217900
237,bridgeton,39.4273,-75.2341,61.02,89,0,5.75,US,1684218073
238,coolum beach,-26.5333,153.1,66.11,80,97,8.19,AU,1684218073
239,mont-dore,-22.2833,166.5833,76.98,70,76,10.2,NC,1684218073
240,fairbanks,64.8378,-147.7164,55.4,43,40,10.36,US,1684218073
241,tattayyangarpettai,11.1333,78.45,96.15,42,90,9.62,IN,1684218073
242,ambunti,-4.2365,142.8448,92.39,52,58,1.95,PG,1684218073
243,half moon bay,37.4636,-122.4286,60.58,90,100,14.97,US,1684218073
244,waingapu,-9.6567,120.2641,81.5,59,64,7.23,ID,1684218073
245,labuhan,-6.8844,112.2051,84.96,63,47,3.78,ID,1684218074
246,chernyshevskiy,63.0128,112.4714,41.94,60,87,5.5,RU,1684218074
247,champerico,14.3,-91.9167,84.49,72,43,5.77,GT,1684218074
248,riyadh,24.6877,46.7219,89.74,15,64,12.57,SA,1684217541
249,westport,41.1415,-73.3579,64.74,51,0,5.75,US,1684218074
250,gushi,34.6425,109.5843,91.92,24,100,0.63,CN,1684218074
251,kavarna,43.4333,28.3333,63.43,72,99,10.29,BG,1684218074
252,alexandria,31.2156,29.9553,73.18,64,75,12.01,EG,1684218045
253,bahia blanca,-38.7196,-62.2724,71.82,53,24,10.0,AR,1684218074
254,rock sound,24.9,-76.2,76.87,82,8,7.18,BS,1684218074
255,provideniya,64.3833,-173.3,20.35,80,30,10.13,RU,1684218074
256,hermosillo,29.0667,-110.9667,81.84,31,0,2.3,MX,1684218075
257,bonthe,7.5264,-12.505,78.35,85,100,3.0,SL,1684218075
258,hambantota,6.1241,81.1185,88.11,70,99,11.14,LK,1684218075
259,castro,-24.7911,-50.0119,48.18,79,1,2.35,BR,1684218075
260,ossora,59.2353,163.0719,37.0,79,28,6.93,RU,1684218075
261,lago da pedra,-4.3333,-45.1667,73.17,99,97,2.17,BR,1684218075
262,iranduba,-3.2847,-60.1861,79.12,98,99,2.1,BR,1684218075
263,sisimiut,66.9395,-53.6735,31.21,64,100,9.48,GL,1684218075
264,xuanhua,40.6103,115.0447,93.78,15,94,7.56,CN,1684218075
265,algiers,36.7525,3.042,57.02,82,40,3.44,DZ,1684217809
266,urusha,54.05,122.9,44.01,57,100,9.75,RU,1684218076
267,pasighat,28.0667,95.3333,70.36,94,100,2.19,IN,1684218076
268,kavieng,-2.5744,150.7967,83.39,78,67,4.79,PG,1684218076
269,tadine,-21.55,167.8833,73.42,70,100,12.97,NC,1684218076
270,batagay-alyta,67.8006,130.4114,35.01,88,100,2.68,RU,1684217921
271,lisov,49.016,14.6084,53.73,90,98,5.01,CZ,1684218076
272,bartica,6.4,-58.6167,75.52,99,100,1.16,GY,1684218076
273,san cristobal,7.7669,-72.225,68.72,82,100,2.57,VE,1684218076
274,whitehorse,60.7161,-135.0538,54.37,28,20,9.22,CA,1684217855
275,port-gentil,-0.7193,8.7815,78.76,100,20,0.0,GA,1684218076
276,la ronge,55.1001,-105.2842,53.85,50,100,5.75,CA,1684218076
277,bertoua,4.5833,13.6833,70.47,98,79,1.79,CM,1684218077
278,cap malheureux,-19.9842,57.6142,82.47,67,8,7.0,MU,1684218077
279,zhezkazgan,47.8043,67.7144,60.78,33,40,24.61,KZ,1684218077
280,touros,-5.1989,-35.4608,77.02,88,13,9.37,BR,1684218077
281,houma,29.5958,-90.7195,72.0,94,100,0.0,US,1684218077
282,bay roberts,47.5999,-53.2648,45.34,85,79,5.01,CA,1684218077
283,biak,-0.9131,122.8766,81.34,80,87,3.83,ID,1684218077
284,hof,50.3167,11.9167,51.75,87,40,6.91,DE,1684218076
285,bowen,-20.0167,148.2333,77.83,71,54,7.34,AU,1684218077
286,butembo,0.15,29.2833,70.79,59,17,2.73,CD,1684218077
287,port moresby,-9.4431,147.1797,87.22,66,40,11.5,PG,1684218077
288,comodoro rivadavia,-45.8667,-67.5,62.46,51,0,18.41,AR,1684217805
289,maragogi,-9.0122,-35.2225,76.08,86,47,0.63,BR,1684218077
290,tsiroanomandidy,-18.7667,46.0333,68.47,77,53,1.01,MG,1684218078
291,lososina,48.9975,140.3106,54.3,69,81,14.74,RU,1684218078
292,chapais,49.7834,-74.8492,35.38,65,95,7.14,CA,1684218078
293,dzilam gonzalez,21.2833,-88.9333,72.16,92,64,3.74,MX,1684218078
294,kaitangata,-46.2817,169.8464,49.64,79,15,4.52,NZ,1684218078
295,fortuna,40.5982,-124.1573,56.93,94,100,0.0,US,1684218078
296,cerrito,6.8432,-72.694,54.45,87,100,4.47,CO,1684218078
297,villazon,-22.0866,-65.5942,45.01,69,15,3.85,BO,1684218078
298,sibu,2.3,111.8167,89.91,74,40,0.0,MY,1684218078
299,belle glade,26.6845,-80.6676,74.05,85,2,4.94,US,1684218079
300,tsirguliina,57.864,26.1947,54.25,87,100,12.77,EE,1684218079
301,arlit,18.7369,7.3853,89.56,12,98,8.14,NE,1684218079
302,lavrentiya,65.5833,-171.0,19.15,84,48,12.64,RU,1684218079
303,sheridan,44.8333,-106.9173,55.45,86,0,5.75,US,1684217800
304,simbahan,6.3032,120.5836,83.53,74,81,9.89,PH,1684218079
305,tourlaville,49.6383,-1.5664,51.22,87,0,5.75,FR,1684218079
306,saldanha,-33.0117,17.9442,50.05,81,8,7.81,ZA,1684218079
307,buala,-8.145,159.5921,84.06,77,99,2.86,SB,1684218079
308,tezu,27.9167,96.1667,73.83,85,99,0.69,IN,1684218079
309,cuamba,-14.8031,36.5372,71.19,66,6,2.3,MZ,1684218079
310,lagos,6.5833,3.75,79.12,93,96,2.8,NG,1684217956
311,antofagasta,-23.65,-70.4,60.08,77,31,2.8,CL,1684218080
312,port hedland,-20.3167,118.5667,87.85,18,7,11.5,AU,1684218080
313,atlantic city,39.3643,-74.4229,61.02,81,0,6.91,US,1684218080
314,thinadhoo,0.5333,72.9333,82.87,82,67,17.63,MV,1684218080
315,meadow lake,34.8014,-106.5436,65.46,57,30,5.99,US,1684218080
316,shache,38.4167,77.2406,88.25,10,0,3.91,CN,1684218080
317,pandan,14.0453,124.1694,84.7,79,92,4.63,PH,1684218080
318,porto novo,6.4965,2.6036,76.82,84,100,3.0,BJ,1684218080
319,high level,58.5169,-117.136,53.71,66,0,4.61,CA,1684218080
320,mackay,-21.15,149.2,85.68,67,34,6.98,AU,1684218080
321,rorvik,64.8621,11.2373,46.51,81,75,6.91,NO,1684218081
322,hanyang,32.1371,105.5126,81.82,37,4,6.76,CN,1684218081
323,miramar,25.9873,-80.2323,77.02,81,0,0.0,US,1684218081
324,sao filipe,14.8961,-24.4956,72.5,78,8,14.85,CV,1684218081
325,porbandar,21.6422,69.6093,91.38,66,40,13.8,IN,1684217896
326,adrar,20.5022,-10.0711,80.42,19,15,10.02,MR,1684218081
327,cabiraoan,18.3238,122.086,87.3,72,94,5.21,PH,1684218081
328,cherskiy,68.75,161.3,38.88,77,33,15.52,RU,1684218081
329,mogadishu,2.0371,45.3438,83.3,77,41,15.32,SO,1684218081
330,padang,-0.9492,100.3543,89.65,67,48,5.95,ID,1684218081
331,mendota,36.7536,-120.3816,71.33,49,73,11.59,US,1684218081
332,grand gaube,-20.0064,57.6608,82.8,67,9,7.0,MU,1684218081
333,asau,46.4333,26.4,56.32,66,100,4.14,RO,1684218082
334,beloha,-25.1667,45.05,73.98,70,1,11.61,MG,1684218082
335,beyla,8.6833,-8.6333,68.29,99,99,2.44,GN,1684218082
336,harper,4.375,-7.7169,76.32,94,100,12.39,LR,1684218082
337,tvedestrand,58.622,8.9315,53.35,79,100,2.64,NO,1684218082
338,vila franca do campo,37.7167,-25.4333,63.01,89,39,4.18,PT,1684218082
339,dromolaxia,34.8761,33.586,85.66,36,0,10.36,CY,1684218082
340,aktau,43.65,51.2,64.98,72,83,17.22,KZ,1684218082
341,tasiilaq,65.6145,-37.6368,28.56,78,100,5.59,GL,1684218003
342,pascagoula,30.3658,-88.5561,75.92,96,75,0.0,US,1684218082
343,ayr,55.4627,-4.6339,51.51,81,75,12.66,GB,1684218082
344,mehamn,71.0357,27.8492,44.55,93,40,0.0,NO,1684218083
345,mecca,21.4267,39.8261,91.15,31,10,0.65,SA,1684218074
346,east london,-33.0153,27.9116,56.34,82,0,9.22,ZA,1684218083
347,maniitsoq,65.4167,-52.9,36.25,79,99,9.22,GL,1684218083
348,massakory,12.996,15.7293,92.97,28,100,10.54,TD,1684218083
349,punta cardon,11.6581,-70.215,78.98,86,100,20.22,VE,1684218083
350,phan thiet,10.9333,108.1,91.2,59,43,14.94,VN,1684218083
351,meulaboh,4.1363,96.1285,86.47,65,65,5.64,ID,1684218083
352,fort wellington,6.4,-57.6,77.7,89,100,7.58,GY,1684218083
353,yeniseysk,58.4497,92.1703,45.34,48,100,7.85,RU,1684218083
354,severo-yeniseyskiy,60.3725,93.0408,34.88,70,99,8.57,RU,1684218083
355,krasnoarmeysk,51.0239,45.6969,53.37,83,100,17.27,RU,1684218083
356,ust-kuyga,70.0167,135.6,37.42,91,100,3.49,RU,1684218084
357,selfoss,63.9331,-20.9971,31.05,62,53,4.52,IS,1684218084
358,ribeira brava,32.65,-17.0667,68.0,76,60,3.89,PT,1684217883
359,taoudenni,22.6783,-3.9836,79.72,11,22,9.48,ML,1684218084
360,liepaja,56.5419,21.0367,55.38,94,100,8.05,LV,1684218084
361,leiyang,26.4024,112.8591,87.67,58,86,11.54,CN,1684218084
362,pangnirtung,66.1451,-65.7125,11.86,75,17,10.98,CA,1684218084
363,barcelos,41.5388,-8.6151,62.85,65,100,5.01,PT,1684218084
364,vestmannaeyjar,63.4427,-20.2734,38.07,62,56,4.65,IS,1684218084
365,ngunguru,-35.6167,174.5,56.64,73,11,8.46,NZ,1684218084
366,benghazi,32.1167,20.0667,65.57,71,23,14.63,LY,1684218084
367,lamar,33.6668,-95.5836,69.89,95,0,10.36,US,1684218084
368,atar,20.5169,-13.0499,83.77,19,59,2.44,MR,1684218084
369,victoria,22.2855,114.1577,83.43,82,79,11.01,HK,1684218084
370,opuwo,-18.0607,13.84,59.52,47,3,1.7,NA,1684218005
371,luena,-11.7833,19.9167,64.58,68,57,3.44,AO,1684218085
372,sioux lookout,50.1001,-91.917,62.67,48,100,11.5,CA,1684218085
373,pevek,69.7008,170.3133,25.5,81,47,9.35,RU,1684217910
374,puruandiro,20.0833,-101.5,63.84,55,65,2.55,MX,1684218085
375,sorong,-0.8833,131.25,87.48,69,74,13.22,ID,1684218085
376,udachnyy,66.4167,112.4,36.66,70,100,1.63,RU,1684217962
377,faya,18.3851,42.4509,77.52,33,61,4.07,SA,1684218085
378,point pedro,9.8167,80.2333,88.25,73,92,17.98,LK,1684218085
379,chisec,15.8167,-90.2833,71.42,93,74,2.13,GT,1684218085
380,labelle,26.7617,-81.4384,75.22,94,0,4.45,US,1684218085
381,kabompo,-13.5927,24.2008,63.21,61,23,6.8,ZM,1684218085
382,santa rosa,14.3122,121.1114,93.09,62,70,7.9,PH,1684218085
383,hasaki,35.7333,140.8333,75.29,71,47,13.53,JP,1684218086
384,moron,-34.6534,-58.6198,64.15,85,0,4.97,AR,1684217886
385,lahad datu,5.0268,118.327,89.53,59,16,6.69,MY,1684218086
386,timbauba,-7.5053,-35.3183,70.83,95,38,3.11,BR,1684218086
387,ostrovnoy,68.0531,39.5131,42.58,95,90,14.05,RU,1684218086
388,angoche,-16.2325,39.9086,76.46,70,8,5.99,MZ,1684218086
389,juegang,32.3174,121.1855,84.92,34,100,18.52,CN,1684218086
390,guerrero negro,27.9769,-114.0611,59.47,85,41,9.19,MX,1684218086
391,ardmore,34.1743,-97.1436,68.47,87,100,3.44,US,1684218086
392,tuatapere,-46.1333,167.6833,54.03,76,29,8.08,NZ,1684218086
393,praia da vitoria,38.7333,-27.0667,62.85,94,20,5.57,PT,1684218086
394,novoagansk,61.9449,76.6625,35.53,69,95,16.67,RU,1684218086
395,russell,32.3502,-85.1999,73.0,97,38,3.8,US,1684218087
396,xinyang,32.1228,114.0656,87.82,40,100,14.76,CN,1684218087
397,lima,-12.0432,-77.0282,71.91,84,100,11.5,PE,1684217948
398,sokoni,-6.4333,39.55,82.26,77,61,11.41,TZ,1684218087
399,kindu,-2.95,25.95,77.45,77,76,2.44,CD,1684218087
400,taihe,30.8712,105.3845,86.94,35,64,4.27,CN,1684218087
401,huilong,31.8111,121.655,77.88,56,100,23.69,CN,1684218087
402,kendari,-3.945,122.4989,82.11,84,82,2.75,ID,1684218087
403,hobyo,5.3505,48.5268,85.89,63,99,18.92,SO,1684218087
404,ornskoldsvik,63.2909,18.7153,52.86,67,72,1.45,SE,1684218050
405,amahai,-3.3333,128.9167,88.09,75,93,4.29,ID,1684218087
406,mizdah,31.4451,12.9801,60.98,49,0,14.14,LY,1684218087
407,kaeo,-35.1,173.7833,56.79,86,33,5.46,NZ,1684218087
408,ous,60.9058,61.5186,56.93,43,12,8.9,RU,1684218088
409,richards bay,-28.783,32.0377,62.94,77,10,4.85,ZA,1684217935
410,xai-xai,-25.0519,33.6442,72.86,64,70,7.78,MZ,1684218088
411,presidente epitacio,-21.7633,-52.1156,58.01,86,0,2.95,BR,1684218088
412,bathsheba,13.2167,-59.5167,81.21,83,40,10.36,BB,1684218088
413,tuburan,6.6439,122.2736,84.29,70,70,5.95,PH,1684218088
414,berezovka,53.7214,25.4993,55.87,93,100,11.01,BY,1684218088
415,bose,45.4612,8.0137,59.22,62,3,3.53,IT,1684218088
416,manakara,-22.1333,48.0167,74.64,76,7,3.24,MG,1684218088
417,kununurra,-15.7667,128.7333,89.58,31,98,11.5,AU,1684218088
418,hami,42.8,93.45,78.04,15,70,13.58,CN,1684218088
419,poum,-20.2333,164.0167,77.22,71,88,8.97,NC,1684218089
420,laguna,38.421,-121.4238,71.46,72,0,6.91,US,1684218089
421,saint-joseph,-21.3667,55.6167,82.47,71,6,3.27,RE,1684218089
422,yuancheng,36.652,107.7896,84.78,20,12,1.74,CN,1684218089
423,zhoucheng,35.9122,116.3117,97.02,20,61,21.54,CN,1684218089
424,ambilobe,-13.2,49.05,82.35,54,67,2.1,MG,1684218089
425,murupara,-38.4667,176.7,49.68,86,73,2.24,NZ,1684218089
426,paso de carrasco,-34.8603,-56.0522,59.95,94,0,0.0,UY,1684218089
427,kiruna,67.8557,20.2251,47.32,71,100,6.91,SE,1684218089
428,jahangirpur,28.1833,77.7167,104.11,16,69,9.31,IN,1684218089
429,borogontsy,62.6683,131.1683,54.93,63,100,12.8,RU,1684218089
430,guhagar,17.4842,73.1929,93.15,47,63,10.0,IN,1684218090
431,kismayo,-0.3582,42.5454,83.53,70,98,15.68,SO,1684218090
432,jiuquan,39.7432,98.5174,73.31,21,100,9.84,CN,1684218090
433,san vicente,-26.6167,-54.1333,51.06,81,0,2.08,AR,1684218090
434,itoman,26.1247,127.6694,82.42,54,20,12.66,JP,1684218090
435,mahanoro,-19.9,48.8,78.51,70,8,6.13,MG,1684218090
436,vilcun,-38.65,-72.2333,52.54,89,95,4.94,CL,1684218090
437,pondicherry,11.93,79.83,97.14,49,84,8.14,IN,1684218090
438,pinheiro machado,-31.5783,-53.3811,55.06,92,0,1.9,BR,1684218090
439,bafra,41.5678,35.9069,67.82,54,71,7.78,TR,1684218090
440,celestun,20.8667,-90.4,76.91,79,16,6.85,MX,1684218090
441,shimoda,34.6667,138.95,77.11,65,16,7.09,JP,1684218090
442,sribne,50.6638,32.9187,61.79,69,100,9.8,UA,1684218091
443,cururupu,-1.8283,-44.8683,76.17,95,77,3.2,BR,1684218091
444,jumla,29.2747,82.1838,69.75,23,1,6.35,NP,1684218091
445,marabba,12.35,32.1833,94.75,10,3,2.37,SD,1684218091
446,zonguldak,41.25,31.8333,58.05,61,95,2.42,TR,1684218021
447,kautokeino,69.0125,23.0412,51.06,77,99,8.81,NO,1684218091
448,ouallam,14.3188,2.0866,87.17,50,69,12.55,NE,1684218091
449,shebalino,51.2917,85.6772,53.6,44,94,8.19,RU,1684218091
450,la palma,33.8464,-118.0467,65.71,89,0,4.61,US,1684218091
451,san buenaventura,27.0833,-101.5333,70.48,74,65,6.35,MX,1684218092
452,dhidhdhoo,6.8833,73.1,82.2,80,100,16.11,MV,1684218092
453,ritchie,-29.038,24.6028,43.81,78,0,7.02,ZA,1684218092
454,mopti,14.6667,-4.0,84.24,70,100,4.61,ML,1684218092
455,mantua,45.1667,10.7833,60.06,88,100,1.01,IT,1684218092
456,palatka,29.6486,-81.6376,72.99,88,53,1.41,US,1684217848
457,vestmanna,62.1564,-7.1664,34.72,69,100,13.8,FO,1684218092
458,caravelas,-17.7125,-39.2481,70.77,95,7,3.36,BR,1684218092
459,nyagan,62.1406,65.3936,48.6,38,8,11.83,RU,1684218092
460,rio gallegos,-51.6226,-69.2181,41.05,93,75,10.36,AR,1684218036
461,kloulklubed,7.0419,134.2556,81.1,79,100,13.29,PW,1684218092
462,enna,37.5588,14.2892,53.22,84,50,8.14,IT,1684217976
463,malanville,11.8685,3.3899,84.81,59,98,9.6,BJ,1684218093
464,luderitz,-26.6481,15.1594,60.89,53,0,3.27,NA,1684218093
465,emerald,-23.5333,148.1667,82.35,35,53,7.83,AU,1684218093
466,umbita,5.2204,-73.4569,51.15,96,95,2.95,CO,1684218093
467,esperance,-33.8667,121.9,66.31,54,61,3.78,AU,1684218093
468,kemin,42.7846,75.6892,77.18,38,25,8.23,KG,1684217945
469,cockburn town,21.4612,-71.1419,79.66,83,100,10.69,TC,1684218093
470,manado,1.487,124.8455,92.17,58,20,5.75,ID,1684218093
471,fortaleza,-3.7227,-38.5247,80.22,94,40,5.75,BR,1684217799
472,weihe,32.9952,105.3247,79.95,37,68,6.08,CN,1684218093
473,karymskoye,51.6167,114.35,62.46,11,3,12.86,RU,1684218093
474,makat,47.6469,53.3463,67.28,27,100,14.74,KZ,1684218094
475,same,-4.0667,37.7333,71.24,75,87,4.72,TZ,1684218094
476,port hardy,50.6996,-127.4199,57.38,82,20,2.3,CA,1684218094
477,madang,-5.2246,145.7966,79.34,91,100,9.95,PG,1684218094
478,constitucion,-35.3333,-72.4167,54.48,91,50,4.56,CL,1684218094
479,dubbo,-32.25,148.6167,66.33,32,0,14.97,AU,1684218094
480,petropavlovsk-kamchatskiy,53.0452,158.6483,52.39,54,0,15.66,RU,1684218094
481,vila velha,-20.3297,-40.2925,71.94,84,75,6.91,BR,1684218094
482,gucheng,35.9115,111.3192,92.25,23,79,8.03,CN,1684218094
483,santa isabel do rio negro,-0.4139,-65.0192,73.44,100,100,0.65,BR,1684218095
484,kazachinskoye,57.6953,93.2761,49.42,38,100,7.92,RU,1684218095
485,port lincoln,-34.7333,135.8667,59.47,67,99,14.29,AU,1684218095
486,kailua,21.4022,-157.7394,73.49,77,19,1.01,US,1684218095
487,marsh harbour,26.5412,-77.0636,76.23,78,43,9.98,BS,1684218095
488,mahendragarh,28.2833,76.15,100.27,19,96,11.07,IN,1684218095
489,timra,62.487,17.3257,55.08,62,0,2.3,SE,1684218095
490,klaksvik,62.2266,-6.589,36.52,68,100,26.46,FO,1684217966
491,bar harbor,44.3876,-68.2039,57.52,55,20,4.61,US,1684218096
492,chicama,-7.8447,-79.1469,72.14,85,64,6.29,PE,1684218096
493,zhigansk,66.7697,123.3711,40.64,70,100,12.93,RU,1684218096
494,barra do garcas,-15.89,-52.2567,63.05,66,0,2.33,BR,1684218096
495,martinsburg,39.4562,-77.9639,61.2,89,0,5.75,US,1684218096
496,progreso,21.2833,-89.6667,74.1,84,23,6.78,MX,1684218096
497,hibbing,47.4272,-92.9377,61.95,70,0,0.0,US,1684218096
498,mayumba,-3.432,10.6554,78.31,90,100,5.61,GA,1684218096
499,korla,41.7597,86.1469,80.6,18,0,8.97,CN,1684218096
500,redmond,47.674,-122.1215,68.94,79,98,5.01,US,1684218097
501,kichera,55.9375,110.0997,42.01,50,99,8.32,RU,1684218097
502,gusau,12.1628,6.6614,82.96,58,100,11.34,NG,1684218097
503,saint-pierre,-21.3393,55.4781,83.57,65,0,4.61,RE,1684218097
504,hanzhong,33.0728,107.0303,85.93,39,76,2.48,CN,1684218097
505,seredka,58.1584,28.1858,58.75,64,100,9.8,RU,1684218097
506,nakusp,50.2499,-117.8023,59.34,67,6,2.3,CA,1684218097
507,jasper,37.2001,-94.3502,64.24,95,100,6.91,US,1684218097
508,leh,34.1667,77.5833,46.65,38,16,2.46,IN,1684218097
509,talnakh,69.4865,88.3972,31.21,77,57,4.41,RU,1684218097
510,plattsburgh,44.6995,-73.4529,63.36,30,100,0.0,US,1684218097
511,dalvik,65.9702,-18.5286,26.53,64,7,6.11,IS,1684218097
512,sibolga,1.7427,98.7792,87.69,63,78,4.92,ID,1684218098
513,bilgoraj,50.5411,22.722,58.66,78,72,6.44,PL,1684218098
514,nantucket,41.2835,-70.0995,57.99,84,0,16.11,US,1684217929
515,la merced,5.4019,-75.8847,55.67,97,94,0.76,CO,1684218098
516,canberra,-35.2835,149.1281,64.54,50,40,5.99,AU,1684218041
517,amos,48.5669,-78.1162,37.51,88,100,5.26,CA,1684218098
518,ahuimanu,21.4447,-157.8378,73.2,75,0,8.05,US,1684218098
519,mayo,38.8876,-76.5119,62.96,78,0,5.75,US,1684218098
520,ayagoz,47.9714,80.4392,62.1,27,52,14.72,KZ,1684218098
521,rawson,-43.3002,-65.1023,63.55,37,100,13.09,AR,1684218098
522,yabassi,4.457,9.9682,76.55,98,98,0.47,CM,1684218098
523,takoradi,4.8845,-1.7554,76.55,89,100,4.47,GH,1684218099
524,tupik,54.4253,119.9327,45.59,55,100,12.21,RU,1684218099
525,adana,36.985,35.2881,82.92,32,0,13.8,TR,1684218099
526,dicabisagan,17.0818,122.4157,84.96,81,100,7.85,PH,1684218099
527,kedougou,12.5579,-12.1743,86.58,66,0,9.22,SN,1684218099
528,gonbad-e qabus,37.25,55.1672,59.95,71,97,10.67,IR,1684217980
529,cidreira,-30.1811,-50.2056,60.49,87,19,7.9,BR,1684218099
530,ajdabiya,30.7554,20.2263,67.64,63,20,19.69,LY,1684218099
531,kalabo,-14.97,22.6814,65.08,55,28,6.62,ZM,1684218099
532,ovsyanka,55.9575,92.5519,43.77,87,100,4.63,RU,1684217953
533,shush,32.1942,48.2436,88.39,7,0,13.6,IR,1684218099
534,abu kamal,34.4506,40.9171,78.55,18,43,12.59,SY,1684218099
535,nadvoitsy,63.8667,34.3167,54.84,62,51,7.78,RU,1684218099
536,la tuque,47.4334,-72.7824,52.05,62,100,6.91,CA,1684218100
537,naryshkino,52.9678,35.7268,59.54,63,20,8.84,RU,1684218100
538,ambulu,-8.345,113.6058,81.93,65,51,7.99,ID,1684218100
539,linxia,35.6003,103.2064,77.63,27,30,12.97,CN,1684218071
540,kirakira,-10.4544,161.9205,81.36,86,100,6.13,SB,1684218100
541,sultanpur,26.2667,82.0667,106.86,9,22,8.41,IN,1684218100
542,murgab,37.4966,61.9714,62.47,59,75,16.11,TM,1684218100
543,mbandaka,0.0487,18.2603,73.54,94,70,2.1,CD,1684218100
544,limbang,4.75,115.0,89.71,75,58,5.46,MY,1684218100
545,tura,25.5198,90.2201,92.68,42,1,7.2,IN,1684218100
546,tarumovka,44.0761,46.5361,68.0,52,29,14.12,RU,1684218100
547,umea,63.8284,20.2597,54.91,76,0,3.44,SE,1684217903
548,brigantine,39.4101,-74.3646,61.03,81,0,6.91,US,1684218100
549,dengzhou,37.8086,120.7508,86.77,28,0,21.88,CN,1684218101
550,sekoma,-24.4,23.8833,56.46,36,17,5.3,BW,1684218101
551,kirkenaer,60.4564,12.0582,50.04,78,99,2.06,NO,1684218101
552,monastyrshchina,54.3496,31.838,59.0,67,100,14.36,RU,1684218101
553,camana,-16.6228,-72.7111,67.01,89,30,3.98,PE,1684218101
554,nisia floresta,-6.0911,-35.2086,75.58,91,18,5.32,BR,1684218101
555,fairmont,39.4851,-80.1426,59.83,91,100,3.2,US,1684218101
556,tanabe,33.7333,135.3667,76.21,50,20,10.36,JP,1684218101
557,lorengau,-2.0226,147.2712,83.59,81,98,11.7,PG,1684218101
558,tigil,57.8,158.6667,49.95,81,100,3.85,RU,1684218101
559,jalingo,8.8833,11.3667,81.52,73,100,6.64,NG,1684218101
560,kachug,53.9606,105.8817,52.86,33,100,12.66,RU,1684218102
561,yulara,-25.2406,130.9889,73.56,21,19,11.83,AU,1684218102
562,caramay,10.1815,119.236,88.47,61,24,1.66,PH,1684218102
563,sakakah,29.9697,40.2064,80.17,11,30,19.01,SA,1684217885
564,portland,45.5234,-122.6762,67.98,73,75,3.44,US,1684218102
565,devonport,-41.1667,146.35,53.53,55,8,1.01,AU,1684218102
566,berbera,10.4396,45.0143,91.8,58,61,4.47,SO,1684218102
567,bagdarin,54.4333,113.6,52.02,22,42,13.98,RU,1684218102
568,eyl,7.9803,49.8164,87.62,55,57,17.02,SO,1684218102
569,takhtamukay,44.9215,38.9958,62.56,72,0,2.24,RU,1684218102
570,sterlibashevo,53.4376,55.2578,64.42,51,91,6.89,RU,1684218102
571,chicago,41.85,-87.65,53.67,54,100,3.44,US,1684218102
572,vostok,46.4856,135.8833,72.01,35,81,9.44,RU,1684218103
573,howard springs,-12.497,131.047,93.11,53,64,5.46,AU,1684218103
574,rio claro,-22.4114,-47.5614,51.44,85,23,0.76,BR,1684217853
575,san patricio,28.017,-97.5169,78.66,86,100,5.66,US,1684218103
576,comarapa,-17.9,-64.4833,49.32,94,14,3.18,BO,1684218103
577,biltine,14.5333,20.9167,94.26,14,54,5.7,TD,1684218103
578,montecristo,8.2971,-74.4733,76.77,98,100,0.38,CO,1684218103
579,juchitlan,20.0833,-104.1167,66.61,60,8,1.03,MX,1684218103
580,quang ngai,15.1167,108.8,94.3,54,18,9.62,VN,1684218103
581,aklavik,68.2191,-135.0107,52.84,59,92,2.59,CA,1684218103
582,edgewood,39.4187,-76.2944,62.53,81,0,3.44,US,1684218103
583,north adams,42.7009,-73.1087,58.91,39,0,10.0,US,1684218103
584,rawicz,51.6095,16.8585,56.3,91,30,10.13,PL,1684218104
585,el tigre,8.8875,-64.2454,78.26,73,100,11.43,VE,1684218104
586,seryshevo,51.0933,128.3786,59.23,27,86,8.32,RU,1684218104
587,yar-sale,66.8333,70.8333,28.02,88,99,22.17,RU,1684218104
588,hajnowka,52.7433,23.5812,56.84,81,81,11.52,PL,1684218104
589,bonavista,48.6499,-53.1147,40.39,85,99,19.73,CA,1684218104
590,stromness,58.965,-3.296,48.16,84,62,18.99,GB,1684217987
591,bandeirantes,-23.11,-50.3675,53.58,85,1,3.09,BR,1684218104
592,basse,52.5518,9.5069,52.25,76,75,16.11,DE,1684218104
593,ulaangom,49.9811,92.0667,54.07,25,28,8.68,MN,1684218104
594,horsham,51.064,-0.3272,49.44,89,0,6.91,GB,1684218006
595,zhangye,38.9342,100.4517,72.34,27,100,5.57,CN,1684218104
596,tautira,-17.7333,-149.15,79.84,72,14,1.79,PF,1684218104
597,clarksdale,34.2001,-90.5709,76.98,78,5,4.61,US,1684218105
598,yankton,42.8711,-97.3973,56.12,76,0,5.75,US,1684218105
599,omagh,54.6,-7.3,43.3,95,40,3.69,GB,1684218105
600,moskovskiy,55.5991,37.355,62.67,44,0,11.18,RU,1684218105
601,abeche,13.8292,20.8324,92.03,18,61,4.74,TD,1684218105
602,shelburne,44.0787,-80.2041,52.36,48,24,12.46,CA,1684218105
603,golyshmanovo,56.3979,68.3728,63.16,41,43,16.02,RU,1684218105
604,vilhena,-12.7406,-60.1458,65.16,84,8,3.49,BR,1684217893
